[{"id":2730822317,"title":"Blog Template","order":1,"templateKey":"blog","customTemplate":false,"customTemplateFilename":null,"pageLinks":[],"dateCreated":"2024-09-24T12:55:34.036Z","dateUpdated":"2024-09-24T12:55:36.566Z","folderId":null,"pageName":"Blog Template","serverPageId":null,"sectionCount":1,"status":2,"backwardUrl":null},{"id":470818440,"title":"Post Template","order":2,"templateKey":"post","customTemplate":false,"customTemplateFilename":null,"pageLinks":[],"dateCreated":"2024-09-24T12:55:34.323Z","dateUpdated":"2024-09-24T12:55:36.567Z","folderId":null,"pageName":"Post Template","serverPageId":null,"sectionCount":1,"status":2,"backwardUrl":null},{"id":949200321,"title":"Product List Template","order":3,"templateKey":"products","customTemplate":false,"customTemplateFilename":null,"pageLinks":[],"dateCreated":"2024-09-24T12:55:34.568Z","dateUpdated":"2024-09-24T12:55:36.567Z","folderId":null,"pageName":"Product List Template","serverPageId":null,"sectionCount":1,"status":2,"backwardUrl":null},{"id":855626736,"title":"Product Details Template","order":4,"templateKey":"product","customTemplate":false,"customTemplateFilename":null,"pageLinks":[],"dateCreated":"2024-09-24T12:55:34.807Z","dateUpdated":"2024-09-24T12:55:36.567Z","folderId":null,"pageName":"Product Details Template","serverPageId":null,"sectionCount":1,"status":2,"backwardUrl":null},{"id":30379703,"title":"Shopping Cart Template","order":5,"templateKey":"cart","customTemplate":false,"customTemplateFilename":null,"pageLinks":[],"dateCreated":"2024-09-24T12:55:35.012Z","dateUpdated":"2024-09-24T12:55:36.567Z","folderId":null,"pageName":"Shopping Cart Template","serverPageId":null,"sectionCount":1,"status":2,"backwardUrl":null},{"id":9835956,"title":"Checkout Template","order":6,"templateKey":"checkout","customTemplate":false,"customTemplateFilename":null,"pageLinks":[],"dateCreated":"2024-09-24T12:55:35.305Z","dateUpdated":"2024-09-24T12:55:36.567Z","folderId":null,"pageName":"Checkout Template","serverPageId":null,"sectionCount":1,"status":2,"backwardUrl":null},{"id":881000527,"title":"Login Template","order":7,"templateKey":"login","customTemplate":false,"customTemplateFilename":null,"pageLinks":[],"dateCreated":"2024-09-24T12:55:35.479Z","dateUpdated":"2024-09-24T12:55:36.568Z","folderId":null,"pageName":"Login Template","serverPageId":null,"sectionCount":1,"status":2,"backwardUrl":null},{"id":80301614,"title":"Search Page Template","order":8,"templateKey":"Search","customTemplate":false,"customTemplateFilename":null,"pageLinks":["6","5","4"],"dateCreated":"2024-09-24T12:55:35.594Z","dateUpdated":"2024-09-24T12:55:36.568Z","folderId":null,"pageName":"Search Page Template","serverPageId":null,"sectionCount":1,"status":2,"backwardUrl":null},{"id":707214922,"title":"Page Password Template","order":9,"templateKey":"password","customTemplate":false,"customTemplateFilename":null,"pageLinks":[],"dateCreated":"2024-09-24T12:55:35.729Z","dateUpdated":"2024-09-24T12:55:36.568Z","folderId":null,"pageName":"Page Password Template","serverPageId":null,"sectionCount":1,"status":2,"backwardUrl":null},{"id":164455954,"title":"404 Not Found Template","order":10,"templateKey":"404","customTemplate":false,"customTemplateFilename":null,"pageLinks":[],"dateCreated":"2024-09-24T12:55:35.828Z","dateUpdated":"2024-09-24T12:55:36.568Z","folderId":null,"pageName":"404 Not Found Template","serverPageId":null,"sectionCount":1,"status":2,"backwardUrl":null},{"id":2258202701,"title":"Thank You Page Template","order":11,"templateKey":"ThankYou","customTemplate":false,"customTemplateFilename":null,"pageLinks":[],"dateCreated":"2024-09-24T12:55:35.934Z","dateUpdated":"2024-09-24T12:55:36.568Z","folderId":null,"pageName":"Thank You Page Template","serverPageId":null,"sectionCount":1,"status":2,"backwardUrl":null},{"id":82854865,"title":"INICIO","order":50,"templateKey":null,"customTemplate":false,"customTemplateFilename":null,"pageLinks":["82854865"],"dateCreated":"2024-09-24T12:55:37.353Z","dateUpdated":"2024-09-25T02:43:23.823Z","folderId":null,"pageName":"INICIO_82854865","serverPageId":null,"sectionCount":4,"status":2,"backwardUrl":null},{"id":225930238,"title":"HISTORIA","order":100,"templateKey":null,"customTemplate":false,"customTemplateFilename":null,"pageLinks":["82854865"],"dateCreated":"2024-09-24T12:55:36.031Z","dateUpdated":"2024-09-25T02:56:23.099Z","folderId":null,"pageName":"HISTORIA_225930238","serverPageId":null,"sectionCount":1,"status":2,"backwardUrl":null},{"id":819717420,"title":"PROYECTOS","order":102,"templateKey":null,"customTemplate":false,"customTemplateFilename":null,"pageLinks":["82854865"],"dateCreated":"2024-09-24T13:33:01.806Z","dateUpdated":"2024-09-25T02:34:03.550Z","folderId":null,"pageName":"PROYECTOS_819717420","serverPageId":null,"sectionCount":3,"status":2,"backwardUrl":null},{"id":1262406711,"title":"NUESTRO COLEGIO","order":103,"templateKey":null,"customTemplate":false,"customTemplateFilename":null,"pageLinks":["82854865"],"dateCreated":"2024-09-24T14:39:16.510Z","dateUpdated":"2024-09-25T02:54:32.553Z","folderId":null,"pageName":"NUESTRO COLEGIO_1262406711","serverPageId":null,"sectionCount":4,"status":2,"backwardUrl":null},{"id":2555326222,"title":"VISION Y MISION","order":105,"templateKey":null,"customTemplate":false,"customTemplateFilename":null,"pageLinks":["82854865"],"dateCreated":"2024-09-24T14:44:09.621Z","dateUpdated":"2024-09-25T02:54:58.095Z","folderId":null,"pageName":"VISION Y MISION_2555326222","serverPageId":null,"sectionCount":2,"status":2,"backwardUrl":null}]